{
  "modules/lazysniff.py": 1777528737.220419,
  "modules/ooficesod0woodo.py": 1777528737.220419,
  "modules/llm_client.py": 1777528737.220419,
  "modules/morse.py": 1777528737.220419,
  "modules/lazygptcli2.py": 1777528737.2192235,
  "modules/ia_code_analysis.py": 1777528737.2176409,
  "modules/lazypyautogui.py": 1777528737.220419,
  "modules/lazyreversentlmv2.py": 1777528737.220419,
  "modules/amt_auth_bypass.py": 1777528737.2124188,
  "modules/lazyssh.py": 1777528737.220419,
  "modules/dashboard_bp.py": 1777528737.2176409,
  "modules/lazyredopgpt.py": 1777528737.220419,
  "modules/mysql_hookandroot_lib.c": 1777528737.220419,
  "modules/lazyown_metaextract0r.py": 1777528737.220419,
  "modules/engagement_hooks.py": 1778990002.2394679,
  "modules/lazysmbrelay.py": 1777528737.220419,
  "modules/event_engine.py": 1777528737.2176409,
  "modules/nmap2csv.py": 1777528737.220419,
  "modules/lazymitmap.py": 1777528737.2192235,
  "modules/lazyvsftp.py": 1777528737.220419,
  "modules/lazylogpoisoning.py": 1777528737.2192235,
  "modules/lazymidm.py": 1777528737.2192235,
  "modules/lazyseo.py": 1777528737.220419,
  "modules/lazybotnet.py": 1777528737.2192235,
  "modules/generate_tools.py": 1777528737.2176409,
  "modules/cve_matcher.py": 1777528737.2176409,
  "modules/lazyagentAi.py": 1777528737.2192235,
  "modules/revshell.c": 1777528737.220419,
  "modules/collab_bp.py": 1778873424.9840016,
  "modules/bot.py": 1777528737.2173276,
  "modules/lazygptcli.py": 1777528737.2192235,
  "modules/recommender.py": 1777528737.220419,
  "modules/listener_manager.py": 1779337241.193258,
  "modules/detailed_search.py": 1777528737.2176409,
  "modules/lazypwn.py": 1777528737.220419,
  "modules/search.py": 1777528737.2251406,
  "modules/toposwarm_bridge.py": 1777528737.2251406,
  "modules/lazyphishingai.py": 1778352504.617364,
  "modules/lazygptcli4.py": 1777528737.2192235,
  "modules/categories.py": 1777528737.2173276,
  "modules/reactive_engine.py": 1780363866.4409566,
  "modules/gui.py": 1777528737.2176409,
  "modules/CVE-2023-28432.py": 1777528737.2075698,
  "modules/playbook_engine.py": 1777528737.220419,
  "modules/lazycreate_webshell.py": 1777528737.2192235,
  "modules/live_surface.py": 1780420895.2406785,
  "modules/CVE-2018-15133.php": 1777528737.2075698,
  "modules/lazybinenc.py": 1777528737.2192235,
  "modules/ia_logs_analysis.py": 1777528737.2176409,
  "modules/lazyhttpsniff.py": 1777528737.2192235,
  "modules/moe_router.py": 1780363866.4408092,
  "modules/lazysearch.py": 1777528737.220419,
  "modules/lazygpttask.py": 1777528737.2192235,
  "modules/exp.c": 1777528737.2176409,
  "modules/sql.py": 1777528737.2251406,
  "modules/mcp_agent_bridge.py": 1777528737.220419,
  "modules/session_state.py": 1777528737.2251406,
  "modules/img2bin.py": 1777528737.2176409,
  "modules/llm_evaluator.py": 1777528737.220419,
  "modules/agent_tool.py": 1777528737.2124188,
  "modules/atomic_enricher.py": 1777528737.2124188,
  "modules/lazydeepseekcli_localreport.py": 1777528737.2192235,
  "modules/tool_extractor.py": 1777528737.2251406,
  "modules/mario.py": 1777528737.220419,
  "modules/lazywerkzeug.py": 1777528737.220419,
  "modules/icmp_server.py": 1777528737.2176409,
  "modules/threat_model.py": 1777528737.2251406,
  "modules/apt_playbooks.py": 1778645390.2882357,
  "modules/security_sanitizers.py": 1778980914.8967576,
  "modules/lazygptcli3.py": 1777528737.2192235,
  "modules/lazyownserver.py": 1777528737.220419,
  "modules/hive_invoke.py": 1777528737.2176409,
  "modules/lazyntlrelayx.py": 1777528737.2192235,
  "modules/agent_runner.py": 1779236713.8388143,
  "modules/lazycam3.py": 1777528737.2192235,
  "modules/icmp_client.py": 1777528737.2176409,
  "modules/amsi.c": 1777528737.2124188,
  "modules/lazygptcli5.py": 1777528737.2192235,
  "modules/lazyopenssh77enum2.py": 1777528737.2192235,
  "modules/detection_oracle.py": 1777528737.2176409,
  "modules/lazykeygen.py": 1777528737.2192235,
  "modules/report_generator.py": 1777528737.220419,
  "modules/lazysearch_bot.py": 1777528737.220419,
  "modules/lazycam4.py": 1777528737.2192235,
  "modules/venator.py": 1777528737.2251406,
  "modules/bin2img.py": 1777528737.2173276,
  "modules/lazygalazy.py": 1777528737.2192235,
  "modules/lazymariadb_rce_cve_2016-662.py": 1777528737.2192235,
  "modules/llm_factory.py": 1779230946.7431395,
  "modules/lazyhttpreverseshell.py": 1777528737.2192235,
  "modules/lazydeepseekcli_local.py": 1777528737.2192235,
  "modules/c2_builder.py": 1778949123.9419646,
  "modules/lazyencoder_decoder.py": 1777651735.604711,
  "modules/vuln_agent.py": 1779236713.839317,
  "modules/ia_network_analysis.py": 1777528737.2176409,
  "modules/timeline_narrator.py": 1777528737.2251406,
  "modules/lazyownclient.py": 1777528737.220419,
  "modules/lazyllmchat.py": 1779236713.8391807,
  "modules/lazyhoneypot.py": 1777528737.2192235,
  "modules/c2_profile.py": 1777528737.2173276,
  "modules/vuln_bot_cli.py": 1777528737.2251406,
  "modules/session_reader.py": 1777528737.2251406,
  "modules/world_model.py": 1779937514.257275,
  "modules/LazyOwnExplorer.py": 1777528737.2075698,
  "modules/kivi.py": 1777528737.2192235,
  "modules/lazygptvulns.py": 1777528737.2192235,
  "modules/pipeline_engine.py": 1778992209.3429546,
  "modules/lazylfi2rce.py": 1777528737.2192235,
  "modules/tel.py": 1777528737.2251406,
  "modules/ai_model.py": 1779236713.8389308,
  "modules/ai_fallback.py": 1777528737.2124188,
  "modules/lazyown.py": 1777528737.2192235,
  "modules/config_store.py": 1777528737.2176409,
  "modules/lazydisassebler.py": 1777528737.2192235,
  "modules/reverse-shell.c": 1777528737.220419,
  "modules/lazybotcli.py": 1777528737.2192235,
  "modules/session_rag.py": 1777528737.2251406,
  "modules/lazycam2.py": 1777528737.2192235,
  "modules/lazycam.py": 1777528737.2192235,
  "modules/memory_store.py": 1777528737.220419,
  "modules/lazysqli.py": 1777528737.220419,
  "modules/lazyown_bprfuzzer.py": 1778981853.0194914,
  "modules/lazynetbios.py": 1777528737.2192235,
  "modules/lazyarpspoofing.py": 1777528737.2192235,
  "modules/lazyproxy.py": 1777528737.220419,
  "modules/yaml_generator.py": 1779236713.83948,
  "modules/metrics.py": 1780363866.440665,
  "modules/lazypwnkit.py": 1777528737.220419,
  "modules/jwtexploit.py": 1777528737.2192235,
  "modules/49803.py": 1777528737.2071702,
  "modules/vulnbot.py": 1779236713.8394074,
  "modules/lazyown_bridge.py": 1779351439.3062434,
  "modules/lazyaddon_creator.py": 1777871767.9720633,
  "modules/obs_parser.py": 1778978047.0168898,
  "modules/lilsplunky.py": 1777528737.220419,
  "modules/test_lazyencoder_decoder.py": 1777528737.2251406,
  "modules/lazyownerweb.py": 1777528737.220419,
  "modules/lazyftpsniff.py": 1777528737.2192235,
  "modules/rl_trainer.py": 1777528737.220419,
  "modules/colors.py": 1777528737.2176409,
  "modules/backdoor/server.c": 1777528737.2173276,
  "modules/backdoor/keylogger.h": 1777528737.2173276,
  "modules/backdoor/backdoor.c": 1777528737.2124188,
  "modules/integrations/searchsploit.py": 1777528737.2192235,
  "modules/integrations/__init__.py": 1777528737.2176409,
  "modules/integrations/nuclei_bridge.py": 1777528737.2192235,
  "modules/integrations/misp_export.py": 1777528737.2192235,
  "modules/modules/colors.py": 1777528737.220419,
  "modules/cgi-bin/lazywebshell.py": 1777528737.2176409,
  "modules/rootkit/mrhyde.c": 1777528737.2251406,
  "modules/rootkit/rootkit.c": 1777528737.2251406,
  "modules/rootkit/mr.c": 1777528737.2251406,
  "modules/rootkit/mrhyde2.c": 1777528737.2251406,
  "modules/rootkit/rootkit.mod.c": 1777528737.2251406,
  "modules/rootkit/rootkit.c.bkp.c": 1777528737.2251406,
  "modules/win_rootkit/mrhyde.c": 1777528737.2273154,
  "modules/win_rootkit/win_ring3_rootkit.cpp": 1777528737.2273154,
  "modules/win_rootkit/backup.c": 1777528737.2251406,
  "modules/win_rootkit/win_ring3_rootkit.c": 1777528737.2273154,
  "modules/win_rootkit/win_rin3_rootkit.cs": 1777528737.2273154,
  "modules/output.txt": 1777528737.220419,